{  
    "name":"BasicWide",
    "bricks":[
   {
      "x": 1898.5186,
      "y": 216.68518,
      "w": 58.2,
      "h": 17.3
   },
   {
      "x": 328.37036,
      "y": 261.2037,
      "w": 58.2,
      "h": 17.3
   },
   {
      "x": 1655.2963,
      "y": 283.46295,
      "w": 58.2,
      "h": 17.3
   },
   {
      "x": 1672.3704,
      "y": 261.2037,
      "w": 58.2,
      "h": 17.3
   }
]
}